c76277,37.50711,127.064231
c76277,37.50711,127.064231
c76277,37.50711,127.064231
c76277,37.50711,127.064231
c76277,37.50711,127.064231
c76277,37.50711,127.064231
c76277,37.50891,127.06269
c76277,37.50891,127.06269
c76277,37.50891,127.06269
c76277,37.50891,127.06269
c76277,37.50891,127.06269
c76277,37.50891,127.06269
c76277,37.509431,127.058618
c76277,37.509518,127.05862
c76277,37.509603,127.058588
c76277,37.509688,127.05858
c76277,37.509688,127.05858
c76277,37.509688,127.05858
c76277,37.509688,127.05858
c76277,37.513295,127.056483
c76277,37.513516,127.056186
c76277,37.513393,127.055098
c76277,37.513163,127.05398
c76277,37.51316,127.053505
c76277,37.513563,127.05315
c76277,37.514361,127.05247
c76277,37.515396,127.051923
c76277,37.515813,127.051725
c76277,37.515791,127.051706
c76277,37.515793,127.051708
c76277,37.515841,127.051678
c76277,37.5163,127.051628
c76277,37.517113,127.051248
c76277,37.517558,127.051216
c76277,37.51774,127.05161
c76277,37.51793,127.05178
c76277,37.518273,127.051541
c76277,37.518336,127.051421
c76277,37.518358,127.051425
c76277,37.518358,127.051425
c76277,37.518358,127.051425
c76277,37.51843,127.051373
c76277,37.518803,127.051221
c76277,37.51904,127.051976
c76277,37.519326,127.052885
c76277,37.519678,127.054598
c76277,37.519938,127.056123
c76277,37.51991,127.057073
c76277,37.518916,127.0575
c76277,37.517666,127.058136
c76277,37.516233,127.05889
c76277,37.514908,127.059571
c76277,37.514188,127.059746
c76277,37.513956,127.058758
c76277,37.513736,127.057171
c76277,37.513621,127.056593
c76277,37.513623,127.056595
c76277,37.513623,127.056595
c76277,37.513623,127.056595
c76277,37.513086,127.056443
c76277,37.512335,127.056896
c76277,37.511868,127.057166
c76277,37.511848,127.057161
c76277,37.51176,127.057185
c76277,37.511553,127.057243
c76277,37.511553,127.057245
c76277,37.511553,127.057245
c76277,37.511508,127.057283
c76277,37.511308,127.057398
c76277,37.510641,127.057916
c76277,37.510501,127.058013
c76277,37.510478,127.058003
c76277,37.510321,127.057981
c76277,37.509336,127.058495
c76277,37.508456,127.058826
c76277,37.508113,127.058806
c76277,37.508118,127.05881
c76277,37.507883,127.059121
c76277,37.507851,127.059713
c76277,37.508505,127.060983
c76277,37.508936,127.062256
c76277,37.508821,127.062463
c76277,37.508956,127.063073
c76277,37.509275,127.063695
c76277,37.509438,127.064211
c76277,37.5098,127.06549
c76277,37.510188,127.067101
c76277,37.510326,127.06874
c76277,37.51053,127.070316
c76277,37.510793,127.0721
c76277,37.511101,127.074131
c76277,37.511425,127.076063
c76277,37.511648,127.077348
c76277,37.511653,127.07746
c76277,37.51166,127.077445
c76277,37.51167,127.077438
c76277,37.511795,127.07831
c76277,37.511876,127.079618
c76277,37.51186,127.080466
c76277,37.511848,127.081378
c76277,37.511826,127.082875
c76277,37.511721,127.084136
c76277,37.511665,127.085175
c76277,37.511656,127.085225
c76277,37.511646,127.085231
c76277,37.511646,127.085231
c76277,37.51163,127.085228
c76277,37.51163,127.085228
c76277,37.51163,127.085228
c76277,37.51163,127.085228
c76277,37.51163,127.085228
c76277,37.51163,127.085228
c76277,37.511616,127.085188
c76277,37.511605,127.085458
c76277,37.511533,127.087283
c76277,37.511486,127.08849
c76277,37.511546,127.089811
c76277,37.511821,127.092083
c76277,37.51206,127.094201
c76277,37.512318,127.09652
c76277,37.512803,127.098558
c76277,37.513051,127.099256
c76277,37.513213,127.099761
c76277,37.51361,127.101008
c76277,37.514115,127.102478
c76277,37.514678,127.104313
c76277,37.515321,127.106293
c76277,37.515865,127.10799
c76277,37.516411,127.109576
c76277,37.516996,127.111356
c76277,37.51762,127.112855
c76277,37.518753,127.113563
c76277,37.519715,127.114138
c76277,37.519863,127.114231
c76277,37.519861,127.114225
c76277,37.519861,127.114225
c76277,37.519861,127.114225
c76277,37.519861,127.114225
c76277,37.519861,127.114225
c76277,37.519861,127.114225
c76277,37.519978,127.114255
c76277,37.52013,127.11435
c76277,37.521193,127.115015
c76277,37.522343,127.115721
c76277,37.52355,127.11653
c76277,37.524626,127.11723
c76277,37.525388,127.117781
c76277,37.525385,127.118961
c76277,37.525436,127.119558
c76277,37.525838,127.121083
c76277,37.525998,127.121705
c76277,37.525993,127.123195
c76277,37.525403,127.124743
c76277,37.525318,127.124933
c76277,37.525316,127.124925
c76277,37.525316,127.124925
c76277,37.52531,127.124896
c76277,37.525283,127.12495
c76277,37.52479,127.12606
c76277,37.524203,127.127393
c76277,37.523646,127.128728
c76277,37.523051,127.13007
c76277,37.522475,127.131461
c76277,37.521981,127.13267
c76277,37.52164,127.13351
c76277,37.521773,127.13424
c76277,37.52289,127.134595
c76277,37.523861,127.13491
c76277,37.52407,127.134986
c76277,37.525195,127.135463
c76277,37.525195,127.135463
c76277,37.525195,127.135463
c76277,37.525195,127.135463
c76277,37.525195,127.135463
c76277,37.528406,127.136501
c76277,37.527948,127.136138
c76277,37.52772,127.135973
c76277,37.527718,127.136023
c76277,37.52771,127.136033
c76277,37.527345,127.135916
c76277,37.526646,127.135656
c76277,37.525881,127.13541
c76277,37.525403,127.135268
c76277,37.524395,127.134883
c76277,37.52324,127.134471
c76277,37.522598,127.134281
c76277,37.521875,127.133945
c76277,37.521846,127.133211
c76277,37.52197,127.13296
c76277,37.52197,127.13296
c76277,37.523881,127.128611
c76277,37.524558,127.127068
c76277,37.525218,127.125608
c76277,37.525858,127.124118
c76277,37.52628,127.122955
c76277,37.526296,127.122386
c76277,37.525825,127.120356
c76277,37.525551,127.118476
c76277,37.525618,127.118038
c76277,37.525626,127.118035
c76277,37.525626,127.11803
c76277,37.525626,127.11803
c76277,37.525618,127.118041
c76277,37.525808,127.117458
c76277,37.526293,127.11636
c76277,37.526985,127.114926
c76277,37.52722,127.113953
c76277,37.527341,127.113005
c76277,37.527785,127.111238
c76277,37.528633,127.109656
c76277,37.529725,127.108465
c76277,37.530675,127.107665
c76277,37.531306,127.108335
c76277,37.530545,127.10884
c76277,37.529481,127.10837
c76277,37.529345,127.108278
c76277,37.527933,127.10717
c76277,37.526336,127.105566
c76277,37.524693,127.103578
c76277,37.523128,127.101323
c76277,37.521736,127.09888
c76277,37.520411,127.096606
c76277,37.519201,127.094368
c76277,37.519106,127.09414
c76277,37.518411,127.0921
c76277,37.517763,127.08992
c76277,37.517316,127.087703
c76277,37.517105,127.085433
c76277,37.516981,127.083113
c76277,37.517076,127.080771
c76277,37.51736,127.079235
c76277,37.517763,127.078231
c76277,37.517891,127.077528
c76277,37.518095,127.076385
c76277,37.518221,127.07501
c76277,37.518271,127.074768
c76277,37.518271,127.07477
c76277,37.518458,127.073928
c76277,37.518915,127.072253
c76277,37.519218,127.070621
c76277,37.519058,127.070188
c76277,37.518233,127.06942
c76277,37.516865,127.069516
c76277,37.515808,127.069668
c76277,37.515651,127.068511
c76277,37.515505,127.066893
c76277,37.515458,127.066561
c76277,37.515163,127.065253
c76277,37.514885,127.063531
c76277,37.514671,127.062251
c76277,37.514586,127.061665
c76277,37.514448,127.061021
c76277,37.514453,127.061006
c76277,37.514325,127.06031
c76277,37.51394,127.05899
c76277,37.513738,127.057348
c76277,37.513655,127.056821
c76277,37.513648,127.056793
c76277,37.513536,127.056426
c76277,37.512876,127.05667
c76277,37.512175,127.057058
c76277,37.511745,127.05731
c76277,37.511361,127.056395
c76277,37.511366,127.056575
c76277,37.511366,127.056575
c76277,37.511366,127.056575
c76277,37.511366,127.056575
c76277,37.511366,127.056575
c76277,37.511366,127.056575
c76277,37.511366,127.056575
c76277,37.511366,127.056575
c76277,37.51125,127.057321
c76277,37.510941,127.05764
c76277,37.510661,127.05788
c76277,37.510236,127.058131
c76277,37.509561,127.058516
c76277,37.508833,127.058958
c76277,37.508183,127.059288
c76277,37.50768,127.059315
c76277,37.507426,127.058698
c76277,37.50708,127.057921
c76277,37.506923,127.0574
c76277,37.506896,127.057376
c76277,37.506896,127.05738
c76277,37.506896,127.057381
c76277,37.506896,127.057381
c76277,37.506896,127.057381
c76277,37.506896,127.057381
c76277,37.506878,127.057291
c76277,37.50663,127.056243
c76277,37.506311,127.055486
c76277,37.505996,127.054238
c76277,37.505631,127.053171
c76277,37.505636,127.052736
c76277,37.505633,127.052731
c76277,37.505496,127.05229
c76277,37.505096,127.05095
c76277,37.504575,127.049561
c76277,37.504626,127.049038
c76277,37.505445,127.048571
c76277,37.506203,127.048096
c76277,37.506735,127.047628
c76277,37.507735,127.046105
c76277,37.508743,127.044658
c76277,37.50965,127.04409
c76277,37.509938,127.043996
c76277,37.509888,127.044043
c76277,37.509878,127.04405
c76277,37.509878,127.04405
c76277,37.509878,127.04405
c76277,37.509878,127.04405
c76277,37.509878,127.04405
c76277,37.510343,127.043878
c76277,37.511258,127.043526
c76277,37.512396,127.043111
c76277,37.513451,127.042643
c76277,37.514433,127.042268
c76277,37.515655,127.041886
c76277,37.516966,127.041411
c76277,37.518181,127.040853
c76277,37.519656,127.040346
c76277,37.521153,127.039838
c76277,37.522311,127.039406
c76277,37.522628,127.03918
c76277,37.522628,127.039183
c76277,37.522671,127.03917
c76277,37.523781,127.039328
c76277,37.524926,127.039661
c76277,37.52621,127.040248
c76277,37.527218,127.04054
c76277,37.527478,127.040578
c76277,37.527468,127.04057
c76277,37.527468,127.04057
c76277,37.527468,127.04057
c76277,37.527468,127.04057
c76277,37.527468,127.04057
c76277,37.527466,127.040538
c76277,37.527841,127.040526
c76277,37.528185,127.039528
c76277,37.528545,127.038203
c76277,37.528733,127.03759
c76277,37.528723,127.03757
c76277,37.528795,127.037261
c76277,37.529125,127.036
c76277,37.529281,127.034851
c76277,37.529286,127.034165
c76277,37.52993,127.033981
c76277,37.531475,127.034195
c76277,37.533098,127.034465
c76277,37.534931,127.034773
c76277,37.53686,127.035118
c76277,37.538686,127.035416
c76277,37.539761,127.035783
c76277,37.539716,127.037093
c76277,37.540448,127.037201
c76277,37.540506,127.037053
c76277,37.541028,127.035243
c76277,37.54179,127.032863
c76277,37.542523,127.0307
c76277,37.54331,127.028556
c76277,37.543715,127.026323
c76277,37.54372,127.026046
c76277,37.543035,127.023205
c76277,37.541431,127.020651
c76277,37.539835,127.018231
c76277,37.53965,127.018011
c76277,37.53761,127.016516
c76277,37.535155,127.014951
c76277,37.53266,127.013343
c76277,37.530785,127.011978
c76277,37.530371,127.011521
c76277,37.528758,127.00865
c76277,37.5273,127.005813
c76277,37.525558,127.003436
c76277,37.523206,127.001851
c76277,37.522745,127.00148
c76277,37.521498,126.999581
c76277,37.520551,126.996988
c76277,37.519548,126.99436
c76277,37.518571,126.992135
c76277,37.51747,126.990535
c76277,37.517368,126.990333
c76277,37.51677,126.987803
c76277,37.516515,126.984838
c76277,37.51628,126.981906
c76277,37.516248,126.978786
c76277,37.516615,126.97578
c76277,37.51733,126.972996
c76277,37.518348,126.970461
c76277,37.519325,126.967925
c76277,37.520338,126.965271
c76277,37.521478,126.96232
c76277,37.522105,126.960595
c76277,37.522333,126.959351
c76277,37.522568,126.957896
c76277,37.523055,126.956635
c76277,37.524611,126.954773
c76277,37.525761,126.953676
c76277,37.526338,126.953401
c76277,37.528468,126.953173
c76277,37.52886,126.953106
c76277,37.530185,126.952145
c76277,37.531646,126.950526
c76277,37.533125,126.948873
c76277,37.533925,126.947848
c76277,37.534261,126.947045
c76277,37.534413,126.945066
c76277,37.534438,126.944878
c76277,37.535115,126.943528
c76277,37.536345,126.943436
c76277,37.536726,126.943455
c76277,37.53766,126.943835
c76277,37.53845,126.944571
c76277,37.539331,126.945731
c76277,37.540053,126.946775
c76277,37.540755,126.947743
c76277,37.541031,126.947941
c76277,37.541076,126.947906
c76277,37.541075,126.947906
c76277,37.541075,126.947906
c76277,37.541073,126.947905
c76277,37.541073,126.947905
c76277,37.541073,126.947905
c76277,37.541073,126.947905
c76277,37.541073,126.947905
c76277,37.541073,126.947908
c76277,37.541073,126.947936
c76277,37.541093,126.947956
c76277,37.541095,126.947953
c76277,37.541095,126.947953
c76277,37.541095,126.947953
c76277,37.541095,126.947953
c76277,37.541095,126.947953
c76277,37.541095,126.947953
c76277,37.541095,126.947953
c76277,37.541095,126.947953
c76277,37.541095,126.947953
c76277,37.541315,126.947591
c76277,37.541315,126.947591
c76277,37.541315,126.947591
c76277,37.541315,126.947591
c76277,37.541218,126.947185
c76277,37.541298,126.947091
c76277,37.541236,126.947303
c76277,37.541213,126.947325
c76277,37.541215,126.947326
c76277,37.541215,126.947326
c76277,37.541215,126.947326
c76277,37.541235,126.947311
c76277,37.54155,126.94735
c76277,37.541536,126.94736
c76277,37.541455,126.947558
c76277,37.541316,126.947485
c76277,37.540633,126.94707
c76277,37.539866,126.946176
c76277,37.538981,126.945156
c76277,37.538083,126.943945
c76277,37.537983,126.943768
c76277,37.537073,126.942011
c76277,37.536065,126.940311
c76277,37.535013,126.938596
c76277,37.533883,126.93676
c76277,37.533516,126.936168
c76277,37.532646,126.934768
c76277,37.53144,126.932833
c76277,37.530321,126.931046
c76277,37.529615,126.929956
c76277,37.52948,126.92972
c76277,37.529505,126.929733
c76277,37.529505,126.929733
c76277,37.529505,126.929733
c76277,37.529505,126.929733
c76277,37.529505,126.929733
c76277,37.529505,126.929733
c76277,37.529416,126.929638
c76277,37.52855,126.92844
c76277,37.527615,126.927123
c76277,37.527218,126.926496
c76277,37.527191,126.926451
c76277,37.5272,126.926455
c76277,37.527103,126.926335
c76277,37.526298,126.926503
c76277,37.525773,126.926923
c76277,37.525271,126.927348
c76277,37.524968,126.927088
c76277,37.524933,126.927068
c76277,37.52505,126.92688
c76277,37.525191,126.92657
c76277,37.525628,126.926283
c76277,37.525645,126.926265
c76277,37.525648,126.926198
c76277,37.525643,126.92583
c76277,37.525626,126.925791
c76277,37.525628,126.925733
c76277,37.52564,126.925555
c76277,37.525665,126.925625
c76277,37.525728,126.925538
c76277,37.525795,126.925411
c76277,37.52573,126.925436
c76277,37.525618,126.925735
c76277,37.525706,126.926026
c76277,37.525706,126.926026
c76277,37.525706,126.926026
c76277,37.525706,126.926026
c76277,37.525733,126.925965
c76277,37.525731,126.925965
c76277,37.525731,126.925965
c76277,37.525631,126.92592
c76277,37.525593,126.925906
c76277,37.525593,126.925908
c76277,37.525861,126.926505
c76277,37.52544,126.927195
c76277,37.524788,126.927931
c76277,37.524476,126.928313
c76277,37.52448,126.928316
c76277,37.524478,126.928315
c76277,37.524478,126.928315
c76277,37.524478,126.928315
c76277,37.52444,126.92832
c76277,37.523711,126.92911
c76277,37.52315,126.929683
c76277,37.523125,126.929695
c76277,37.523116,126.929696
c76277,37.523116,126.929706
c76277,37.522643,126.930168
c76277,37.52216,126.930538
c76277,37.521703,126.931056
c76277,37.521703,126.931056
c76277,37.520438,126.932565
c76277,37.519925,126.932788
c76277,37.519595,126.932271
c76277,37.51929,126.931823
c76277,37.518865,126.931218
c76277,37.518226,126.930171
c76277,37.517313,126.928721
c76277,37.517208,126.928605
c76277,37.516066,126.927813
c76277,37.514736,126.92688
c76277,37.51375,126.926061
c76277,37.513586,126.926288
c76277,37.513956,126.926596
c76277,37.514481,126.927275
c76277,37.514413,126.928585
c76277,37.514515,126.93046
c76277,37.51472,126.932565
c76277,37.514891,126.934706
c76277,37.515141,126.936606
c76277,37.515396,126.938453
c76277,37.515713,126.940296
c76277,37.516056,126.942001
c76277,37.51689,126.943365
c76277,37.517218,126.944226
c76277,37.517353,126.94491
c76277,37.517413,126.945836
c76277,37.517336,126.946836
c76277,37.517221,126.947441
c76277,37.516665,126.948828
c76277,37.516571,126.949015
c76277,37.51571,126.950833
c76277,37.515025,126.95312
c76277,37.51439,126.955401
c76277,37.513896,126.956946
c76277,37.513636,126.957626
c76277,37.512638,126.95985
c76277,37.511496,126.961976
c76277,37.510271,126.964145
c76277,37.509098,126.966426
c76277,37.508163,126.96882
c76277,37.507341,126.9712
c76277,37.506255,126.973133
c76277,37.505373,126.974745
c76277,37.504783,126.976731
c76277,37.504628,126.978535
c76277,37.504636,126.980201
c76277,37.50463,126.982018
c76277,37.504786,126.983876
c76277,37.505111,126.98558
c76277,37.505493,126.987491
c76277,37.505916,126.989213
c76277,37.50667,126.991538
c76277,37.50776,126.994018
c76277,37.5088,126.996383
c76277,37.509851,126.998801
c76277,37.51099,127.001365
c76277,37.512163,127.00353
c76277,37.512798,127.004421
c76277,37.513625,127.005371
c76277,37.5154,127.007288
c76277,37.516968,127.008995
c76277,37.518206,127.010448
c76277,37.519401,127.011835
c76277,37.520615,127.013251
c76277,37.521926,127.014741
c76277,37.522888,127.015948
c76277,37.522765,127.016696
c76277,37.522233,127.016635
c76277,37.521556,127.016373
c76277,37.521411,127.016361
c76277,37.520548,127.017168
c76277,37.519873,127.018218
c76277,37.518526,127.018651
c76277,37.517435,127.018993
c76277,37.517313,127.019015
c76277,37.516503,127.019163
c76277,37.51631,127.019315
c76277,37.516008,127.018743
c76277,37.515726,127.018126
c76277,37.51539,127.01709
c76277,37.515085,127.01625
c76277,37.515031,127.016265
c76277,37.515105,127.01651
c76277,37.515493,127.017268
c76277,37.515796,127.01812
c76277,37.516011,127.01891
c76277,37.51612,127.019336
c76277,37.516131,127.019341
c76277,37.516131,127.019341
c76277,37.516115,127.019481
c76277,37.516526,127.02068
c76277,37.517165,127.021788
c76277,37.51755,127.02268
c76277,37.517835,127.023475
c76277,37.518493,127.024695
c76277,37.518628,127.02546
c76277,37.519036,127.026296
c76277,37.519865,127.027886
c76277,37.520043,127.028433
c76277,37.520435,127.029636
c76277,37.520815,127.03095
c76277,37.520838,127.031133
c76277,37.520858,127.031135
c76277,37.520988,127.03149
c76277,37.52101,127.03155
c76277,37.52101,127.03155
c76277,37.52101,127.03155
c76277,37.52101,127.03155
c76277,37.52101,127.03155
c76277,37.52101,127.03155
c76277,37.52101,127.03155
c76277,37.52101,127.03155
c76277,37.52101,127.03155
c76277,37.52101,127.03155
c76277,37.52101,127.03155
c76277,37.52101,127.03155
c76277,37.52101,127.03155
c76277,37.52101,127.03155
c76277,37.52101,127.03155
c76277,37.52101,127.03155
c76277,37.52101,127.03155
c76277,37.52101,127.03155
c76277,37.52101,127.03155
c76277,37.52101,127.03155
c76277,37.52101,127.03155
c76277,37.52101,127.03155
c76277,37.52101,127.03155
c76277,37.521063,127.031623
c76277,37.521196,127.032026
c76277,37.521665,127.03327
c76277,37.521685,127.033651
c76277,37.521605,127.033736
c76277,37.521605,127.033736
c76277,37.521605,127.033736
c76277,37.521605,127.033736
c76277,37.521605,127.033736
c76277,37.521605,127.033736
c76277,37.521605,127.033736
c76277,37.521605,127.033736
c76277,37.521605,127.033736
c76277,37.52156,127.033383
c76277,37.520976,127.0318
c76277,37.520533,127.030621
c76277,37.520696,127.030786
c76277,37.520696,127.030788
c76277,37.520696,127.030788
c76277,37.520696,127.030788
c76277,37.520696,127.030788
c76277,37.520696,127.030788
c76277,37.520696,127.030788
c76277,37.520696,127.030788
c76277,37.520696,127.030788
c76277,37.520696,127.030788
c76277,37.520696,127.030788
c76277,37.520696,127.030788
c76277,37.520696,127.030788
c76277,37.520696,127.030788
c76277,37.520696,127.030788
c76277,37.520696,127.030788
c76277,37.520696,127.030788
c76277,37.520696,127.030788
c76277,37.520696,127.030788
c76277,37.520696,127.030788
c76277,37.520696,127.030788
c76277,37.520696,127.030788
c76277,37.520696,127.030788
c76277,37.520696,127.030788
c76277,37.520696,127.030788
c76277,37.520696,127.030788
c76277,37.520696,127.030788
c76277,37.520696,127.030788
c76277,37.520696,127.030788
c76277,37.520696,127.030788
c76277,37.520696,127.030788
c76277,37.520696,127.030788
c76277,37.520696,127.030788
c76277,37.520696,127.030788
c76277,37.520696,127.030788
c76277,37.520696,127.030788
c76277,37.520696,127.030788
c76277,37.520696,127.030788
c76277,37.520696,127.030788
c76277,37.520696,127.030788
c76277,37.520696,127.030788
c76277,37.520696,127.030788
c76277,37.520698,127.030803
c76277,37.520698,127.030803
c76277,37.520698,127.030803
c76277,37.520698,127.030803
c76277,37.520698,127.030803
c76277,37.520698,127.030803
c76277,37.52082,127.031071
c76277,37.521155,127.03227
c76277,37.52162,127.033413
c76277,37.521686,127.033573
c76277,37.521858,127.033546
c76277,37.522303,127.033523
c76277,37.522393,127.03355
c76277,37.522981,127.033706
c76277,37.523883,127.033748
c76277,37.526025,127.033726
c76277,37.527905,127.033736
c76277,37.529548,127.034005
c76277,37.531411,127.034185
c76277,37.533176,127.034471
c76277,37.535006,127.034751
c76277,37.536916,127.035025
c76277,37.538768,127.035331
c76277,37.540715,127.035648
c76277,37.542415,127.03594
c76277,37.543228,127.036096
c76277,37.543245,127.036091
c76277,37.54324,127.036088
c76277,37.543241,127.036093
c76277,37.543451,127.036143
c76277,37.544298,127.036333
c76277,37.54586,127.036585
c76277,37.546688,127.036668
c76277,37.547543,127.036523
c76277,37.54862,127.036196
c76277,37.549346,127.03596
c76277,37.549533,127.035901
c76277,37.550771,127.035555
c76277,37.55144,127.035368
c76277,37.553536,127.034723
c76277,37.554415,127.034475
c76277,37.55443,127.03447
c76277,37.55443,127.03447
c76277,37.55443,127.03447
c76277,37.55443,127.03447
c76277,37.554503,127.034435
c76277,37.55452,127.034451
c76277,37.554738,127.03444
c76277,37.555633,127.03442
c76277,37.556556,127.03432
c76277,37.556568,127.03432
c76277,37.556585,127.034323
c76277,37.556585,127.034323
c76277,37.556585,127.034323
c76277,37.556585,127.034323
c76277,37.558333,127.033471
c76277,37.558486,127.032725
c76277,37.558468,127.032526
c76277,37.558251,127.031455
c76277,37.557516,127.029853
c76277,37.557048,127.028658
c76277,37.557038,127.028428
c76277,37.557388,127.02904
c76277,37.557821,127.030058
c76277,37.557821,127.030058
c76277,37.557821,127.030058
c76277,37.558415,127.034023
c76277,37.557445,127.034155
c76277,37.556101,127.034243
c76277,37.554941,127.034346
c76277,37.553938,127.033768
c76277,37.552566,127.032723
c76277,37.550853,127.03183
c76277,37.549988,127.030915
c76277,37.550016,127.03086
c76277,37.550013,127.030855
c76277,37.549998,127.030861
c76277,37.549996,127.030858
c76277,37.54942,127.029661
c76277,37.548636,127.028106
c76277,37.54812,127.027145
c76277,37.54801,127.026535
c76277,37.548038,127.025953
c76277,37.547976,127.025926
c76277,37.547958,127.025886
c76277,37.547958,127.025886
c76277,37.547958,127.025886
c76277,37.547958,127.025886
c76277,37.547928,127.02571
c76277,37.548036,127.02486
c76277,37.548213,127.022848
c76277,37.54823,127.021793
c76277,37.548025,127.0212
c76277,37.547156,127.019663
c76277,37.54687,127.019165
c76277,37.546033,127.018091
c76277,37.545046,127.016805
c76277,37.544141,127.015545
c76277,37.544081,127.015433
c76277,37.544065,127.015441
c76277,37.54393,127.015035
c76277,37.543276,127.013713
c76277,37.543156,127.013511
c76277,37.541846,127.011808
c76277,37.541556,127.011523
c76277,37.540906,127.01134
c76277,37.539996,127.011613
c76277,37.538538,127.01234
c76277,37.537686,127.012615
c76277,37.537201,127.012608
c76277,37.536218,127.011626
c76277,37.53496,127.011011
c76277,37.534258,127.00983
c76277,37.534258,127.00983
c76277,37.534143,127.00946
c76277,37.533648,127.00835
c76277,37.533555,127.007656
c76277,37.533575,127.007636
c76277,37.53368,127.007518
c76277,37.534301,127.007016
c76277,37.53488,127.006603
c76277,37.536471,127.005506
c76277,37.538213,127.004523
c76277,37.54009,127.003958
c76277,37.540881,127.003726
c76277,37.541486,127.00335
c76277,37.541933,127.002503
c76277,37.54191,127.002453
c76277,37.541898,127.002458
c76277,37.541898,127.002458
c76277,37.541898,127.002458
c76277,37.54188,127.002488
c76277,37.541798,127.002143
c76277,37.541273,127.001915
c76277,37.540548,127.001845
c76277,37.53912,127.00174
c76277,37.538085,127.001543
c76277,37.537683,127.001325
c76277,37.536516,127.000261
c76277,37.535611,126.999261
c76277,37.53494,126.998323
c76277,37.534676,126.997073
c76277,37.534703,126.99615
c76277,37.534655,126.996041
c76277,37.534655,126.996041
c76277,37.534628,126.996
c76277,37.534648,126.995646
c76277,37.534575,126.994695
c76277,37.534535,126.993976
c76277,37.534663,126.993943
c76277,37.534645,126.99395
c76277,37.534645,126.99395
c76277,37.534645,126.99395
c76277,37.534645,126.99395
c76277,37.534645,126.99395
c76277,37.534645,126.99395
c76277,37.534645,126.99395
c76277,37.534645,126.99395
c76277,37.534645,126.99395
c76277,37.534645,126.99395
c76277,37.534645,126.99395
c76277,37.534645,126.99395
c76277,37.534635,126.993993
c76277,37.534635,126.993993
c76277,37.534636,126.993995
c76277,37.534636,126.993995
c76277,37.534636,126.993998
c76277,37.534636,126.994001
c76277,37.534643,126.994003
c76277,37.534643,126.994003
c76277,37.5346,126.994025
c76277,37.534551,126.993975
c76277,37.534508,126.994103
c76277,37.534476,126.994803
c76277,37.534516,126.995623
c76277,37.534553,126.996411
c76277,37.534576,126.997291
c76277,37.534973,126.998151
c76277,37.535033,126.998861
c76277,37.534596,126.99992
c76277,37.533955,127.00066
c76277,37.53352,127.001671
c76277,37.533425,127.002825
c76277,37.533355,127.00404
c76277,37.533433,127.004828
c76277,37.533371,127.005341
c76277,37.533283,127.00556
c76277,37.533246,127.005698
c76277,37.533185,127.006185
c76277,37.533416,127.006346
c76277,37.533663,127.006313
c76277,37.533811,127.00636
c76277,37.534008,127.006346
c76277,37.534235,127.006691
c76277,37.533943,127.007263
c76277,37.532903,127.007968
c76277,37.531706,127.008958
c76277,37.530128,127.010048
c76277,37.528873,127.01119
c76277,37.528535,127.011496
c76277,37.526836,127.013111
c76277,37.525215,127.014641
c76277,37.523703,127.01606
c76277,37.52225,127.017428
c76277,37.521913,127.017668
c76277,37.520778,127.018088
c76277,37.520361,127.01819
c76277,37.518375,127.018806
c76277,37.516816,127.01932
c76277,37.515861,127.019548
c76277,37.515796,127.019526
c76277,37.516411,127.020546
c76277,37.516988,127.022006
c76277,37.51745,127.022736
c76277,37.517855,127.023751
c76277,37.518496,127.0251
c76277,37.518985,127.02641
c76277,37.519491,127.027465
c76277,37.519735,127.028071
c76277,37.51974,127.028096
c76277,37.51975,127.028106
c76277,37.51975,127.028106
c76277,37.51975,127.028106
c76277,37.51975,127.028106
c76277,37.51975,127.028106
c76277,37.51975,127.028106
c76277,37.51975,127.028106
c76277,37.51975,127.028106
c76277,37.51976,127.028125
c76277,37.519758,127.028156
c76277,37.519843,127.028643
c76277,37.519961,127.02899
c76277,37.520268,127.029931
c76277,37.520268,127.030061
c76277,37.520613,127.03217
c76277,37.52071,127.032565
c76277,37.520905,127.033423
c76277,37.521321,127.034421
c76277,37.521453,127.034801
c76277,37.522063,127.036248
c76277,37.522351,127.036808
c76277,37.52235,127.036808
c76277,37.522695,127.03772
c76277,37.522921,127.038553
c76277,37.523083,127.039436
c76277,37.523253,127.04097
c76277,37.523503,127.042705
c76277,37.523805,127.044625
c76277,37.524143,127.046338
c76277,37.524188,127.047381
c76277,37.523196,127.04799
c76277,37.522073,127.048568
c76277,37.520718,127.049283
c76277,37.519421,127.049978
c76277,37.519036,127.050155
c76277,37.519013,127.050143
c76277,37.51897,127.050161
c76277,37.51897,127.050161
c76277,37.518973,127.050153
c76277,37.518973,127.050153
c76277,37.518948,127.050163
c76277,37.518725,127.050313
c76277,37.517606,127.050925
c76277,37.517141,127.051188
c76277,37.516693,127.051505
c76277,37.5155,127.052106
c76277,37.514228,127.052763
c76277,37.513496,127.053156
c76277,37.51346,127.053171
c76277,37.51346,127.053171
c76277,37.51346,127.053171
c76277,37.513336,127.053241
c76277,37.513216,127.05431
c76277,37.513476,127.055565
c76277,37.513583,127.055788
c76277,37.513525,127.055931
c76277,37.513633,127.057401
c76277,37.513455,127.058138
c76277,37.513431,127.057743
c76277,37.513506,127.057721
c76277,37.513476,127.057743
c76277,37.513425,127.057823
c76277,37.513461,127.057796
c76277,37.513281,127.057288
c76277,37.513126,127.057063
c76277,37.513091,127.056708
c76277,37.513031,127.056558
c76277,37.512298,127.056976
c76277,37.511636,127.057476
c76277,37.510815,127.05801
c76277,37.51095,127.057975
c76277,37.511066,127.057905
c76277,37.511063,127.057908
c76277,37.511063,127.057908
c76277,37.511063,127.057908
c76277,37.511063,127.057908
c76277,37.511063,127.057908
c76277,37.511063,127.057908
c76277,37.511063,127.057908
c76277,37.511063,127.057908
c76277,37.511063,127.057908
c76277,37.511063,127.057908
c76277,37.511063,127.057908
c76277,37.511063,127.057908
c76277,0,0
c76277,37.512046,127.059158
c76277,37.512046,127.059158
c76277,37.512046,127.059158
c76277,37.512046,127.059158
c76277,37.51189,127.05797
c76277,37.512546,127.05741
c76277,37.512996,127.057051
c76277,37.513615,127.056086
c76277,37.513241,127.054688
c76277,37.51304,127.053543
c76277,37.51366,127.053016
c76277,37.514743,127.052285
c76277,37.516171,127.05162
c76277,37.517631,127.05088
c76277,37.518521,127.050403
c76277,37.518466,127.05039
c76277,37.51847,127.050448
c76277,37.518541,127.050453
c76277,37.518541,127.050453
c76277,37.518541,127.050453
c76277,37.518541,127.050453
c76277,37.51889,127.050225
c76277,37.520341,127.049383
c76277,37.521945,127.048556
c76277,37.523521,127.047738
c76277,37.523855,127.04754
c76277,37.523848,127.04754
c76277,37.523848,127.04754
c76277,37.523848,127.04754
c76277,37.523848,127.04754
c76277,37.523848,127.04754
c76277,37.52403,127.047438
c76277,37.52404,127.046151
c76277,37.523846,127.044541
c76277,37.523563,127.042526
c76277,37.523335,127.04034
c76277,37.523166,127.03961
c76277,37.523178,127.039608
c76277,37.523178,127.039608
c76277,37.523178,127.039608
c76277,37.523178,127.039608
c76277,37.523196,127.039606
c76277,37.5232,127.039601
c76277,37.523125,127.039333
c76277,37.522761,127.037853
c76277,37.522153,127.036105
c76277,37.521813,127.03482
c76277,37.521645,127.034041
c76277,37.521161,127.03275
c76277,37.520891,127.03176
c76277,37.521236,127.031518
c76277,37.521553,127.03125
c76277,37.521406,127.03062
c76277,37.52123,127.029975
c76277,37.521053,127.029446
c76277,37.52084,127.028943
c76277,37.520735,127.028711
c76277,37.520708,127.028705
c76277,37.520708,127.028705
c76277,37.520708,127.028705
c76277,37.520708,127.028705
c76277,37.520708,127.028705
c76277,37.520708,127.028705
c76277,37.520678,127.028501
c76277,37.520695,127.028328
c76277,37.5212,127.028283
c76277,37.522075,127.02826
c76277,37.523206,127.028288
c76277,37.524323,127.028375
c76277,37.525391,127.028431
c76277,37.526388,127.02861
c76277,37.527171,127.028631
c76277,37.527473,127.029026
c76277,37.527948,127.029936
c76277,37.528083,127.030178
c76277,37.528086,127.030165
c76277,37.528123,127.030225
c76277,37.528711,127.031631
c76277,37.52901,127.033181
c76277,37.529056,127.033393
c76277,37.529083,127.034043
c76277,37.529085,127.034586
c76277,37.528975,127.035721
c76277,37.528935,127.035913
c76277,37.528583,127.03758
c76277,37.528215,127.039101
c76277,37.52774,127.040823
c76277,37.527303,127.042601
c76277,37.526976,127.043771
c76277,37.526665,127.044828
c76277,37.526383,127.045766
c76277,37.526033,127.046293
c76277,37.524741,127.047098
c76277,37.524315,127.04728
c76277,37.524316,127.047281
c76277,37.524316,127.047281
c76277,37.524316,127.047281
c76277,37.524225,127.047325
c76277,37.52368,127.047543
c76277,37.52326,127.04775
c76277,37.52294,127.04794
c76277,37.521695,127.048683
c76277,37.521528,127.04881
c76277,37.521528,127.04881
c76277,37.521528,127.04881
c76277,37.521355,127.04889
c76277,37.520276,127.049298
c76277,37.51932,127.049585
c76277,37.518686,127.050126
c76277,37.518271,127.050248
c76277,37.517895,127.050516
c76277,37.517526,127.050741
c76277,37.516903,127.051256
c76277,37.51604,127.051743
c76277,37.514895,127.052375
c76277,37.513883,127.052863
c76277,37.513365,127.053258
c76277,37.513273,127.053478
c76277,37.513275,127.053475
c76277,37.513275,127.053475
c76277,37.513105,127.053798
c76277,37.513036,127.054013
c76277,37.513215,127.054956
c76277,37.512886,127.05644
c76277,37.51187,127.057376
c76277,37.511108,127.057748
c76277,37.510613,127.058096
c76277,37.510776,127.057898
c76277,37.511021,127.057961
c76277,37.511133,127.057961
c76277,37.511448,127.057516
c76277,37.51199,127.057208
c76277,37.51276,127.056803
c76277,37.513185,127.057011
c76277,37.513183,127.057086
c76277,37.513183,127.057086
c76277,37.513183,127.057086
c76277,37.513183,127.057086
c76277,37.513525,127.057151
c76277,37.512968,127.057018
c76277,37.512976,127.057176
c76277,0,0
c76277,37.513055,127.057098
c76277,37.513191,127.057028
c76277,37.513028,127.05687
c76277,37.513,127.05681
c76277,37.513201,127.056626
c76277,37.512625,127.056818
c76277,37.512225,127.057165
c76277,37.511088,127.057533
c76277,37.510663,127.057705
c76277,37.51063,127.057715
c76277,37.510645,127.0577
c76277,37.510771,127.05764
c76277,37.510755,127.05762
c76277,37.510841,127.057846
c76277,37.510911,127.057945
c76277,37.511001,127.058045
c76277,37.511016,127.058058
c76277,37.511016,127.058058
c76277,37.511016,127.058058
c76277,37.511016,127.058058
c76277,37.510965,127.05797
c76277,37.510385,127.057226
c76277,37.510386,127.05723
c76277,37.510906,127.057638
c76277,37.511116,127.057625
c76277,37.511133,127.057616
c76277,37.511138,127.057596
c76277,37.511061,127.057778
c76277,37.511065,127.057616
c76277,37.511346,127.057505
c76277,37.511486,127.057406
c76277,37.512115,127.057091
c76277,37.512823,127.056725
c76277,37.513036,127.056488
c76277,37.513051,127.056411
c76277,37.513051,127.056411
c76277,37.513051,127.056411
c76277,37.513051,127.056411
c76277,37.513051,127.056411
c76277,37.513051,127.056411
c76277,37.513051,127.056411
c76277,37.513051,127.056411
c76277,37.513051,127.056411
c76277,37.513051,127.056411
c76277,37.513051,127.056411
c76277,0,0
c76277,37.516778,127.053078
c76277,37.516775,127.053081
c76277,37.516656,127.052973
c76277,37.516653,127.052976
c76277,37.516653,127.052976
c76277,37.516653,127.052976
c76277,37.516653,127.052976
c76277,37.516653,127.052976
c76277,37.516653,127.052976
c76277,37.516653,127.052976
c76277,37.516653,127.052976
c76277,37.516653,127.052976
c76277,37.516653,127.052976
c76277,37.516653,127.052976
c76277,37.51653,127.053583
c76277,37.515551,127.055578
c76277,37.514936,127.05637
c76277,37.514123,127.056785
c76277,37.514118,127.057536
c76277,37.51396,127.058131
c76277,37.51413,127.058398
c76277,37.514153,127.059311
c76277,37.514018,127.060128
c76277,37.512865,127.06083
c76277,37.511695,127.061441
c76277,37.51052,127.062055
c76277,37.509441,127.0627
c76277,37.509205,127.062818
c76277,37.508643,127.063135
c76277,37.507466,127.063826
c76277,37.506056,127.064686
c76277,37.504628,127.06545
c76277,37.503226,127.066255
c76277,37.5021,127.066833
c76277,37.501565,127.067158
c76277,37.501578,127.067185
c76277,37.501578,127.067185
c76277,37.501578,127.067185
c76277,37.501578,127.067185
c76277,37.501578,127.067185
c76277,37.501578,127.067185
c76277,37.501553,127.067218
c76277,37.501528,127.06725
c76277,37.501316,127.067325
c76277,37.500276,127.067795
c76277,37.49889,127.06854
c76277,37.497445,127.069323
c76277,37.495945,127.070128
c76277,37.494275,127.071043
c76277,37.492831,127.07183
c76277,37.491335,127.072661
c76277,37.489986,127.073406
c76277,37.488655,127.074108
c76277,37.48747,127.074696
c76277,37.486706,127.075075
c76277,37.486258,127.075086
c76277,37.485981,127.074935
c76277,37.485408,127.07416
c76277,37.4848,127.073283
c76277,37.484075,127.07232
c76277,37.483138,127.070985
c76277,37.482231,127.069658
c76277,37.481353,127.068441
c76277,37.480883,127.067665
c76277,37.480466,127.066888
c76277,37.479853,127.065731
c76277,37.479626,127.065273
c76277,37.479583,127.065213
c76277,37.479586,127.06521
c76277,37.479586,127.06521
c76277,37.47961,127.065223
c76277,37.47949,127.06493
c76277,37.478786,127.063723
c76277,37.477803,127.061968
c76277,37.476965,127.06043
c76277,37.47622,127.05894
c76277,37.475553,127.057725
c76277,37.474928,127.056601
c76277,37.474281,127.055365
c76277,37.473581,127.05424
c76277,37.472586,127.052756
c76277,37.472386,127.052446
c76277,37.470071,127.04956
c76277,37.47001,127.049373
c76277,37.469168,127.047963
c76277,37.468206,127.046496
c76277,37.46736,127.045165
c76277,37.466366,127.04399
c76277,37.46629,127.043805
c76277,37.466315,127.043795
c76277,37.466315,127.043795
c76277,37.466315,127.043795
c76277,37.466315,127.043795
c76277,37.466315,127.043795
c76277,37.46635,127.043776
c76277,37.46635,127.043776
c76277,37.465916,127.043181
c76277,37.465296,127.042395
c76277,37.464366,127.041226
c76277,37.463415,127.039701
c76277,37.462435,127.038228
c76277,37.461463,127.036925
c76277,37.460631,127.03571
c76277,37.460276,127.03506
c76277,37.46004,127.03427
c76277,37.459993,127.033928
c76277,37.460028,127.032645
c76277,37.460126,127.031045
c76277,37.460168,127.02991
c76277,37.460188,127.02932
c76277,37.460218,127.02907
c76277,37.460216,127.029075
c76277,37.460211,127.029028
c76277,37.460271,127.02802
c76277,37.460353,127.026746
c76277,37.460311,127.025235
c76277,37.460248,127.023438
c76277,37.46035,127.021561
c76277,37.460241,127.020231
c76277,37.460016,127.02
c76277,37.45933,127.020323
c76277,37.458705,127.020758
c76277,37.458005,127.021026
c76277,37.457861,127.021055
c76277,37.45645,127.020815
c76277,37.45492,127.019498
c76277,37.454015,127.01748
c76277,37.45331,127.015541
c76277,37.45265,127.013741
c76277,37.451896,127.011685
c76277,37.451145,127.009633
c76277,37.450273,127.007621
c76277,37.449291,127.006073
c76277,37.4491,127.005761
c76277,37.449003,127.005605
c76277,37.448393,127.004651
c76277,37.448295,127.004533
c76277,37.447278,127.004723
c76277,37.447201,127.00486
c76277,37.446516,127.0059
c76277,37.44529,127.006893
c76277,37.444316,127.007606
c76277,37.443971,127.007813
c76277,37.443981,127.007821
c76277,37.443956,127.007826
c76277,37.443953,127.008096
c76277,37.443998,127.008578
c76277,37.444041,127.008958
c76277,37.444173,127.0095
c76277,37.444345,127.010205
c76277,37.444715,127.01105
c76277,37.444963,127.011628
c76277,37.445053,127.011788
c76277,37.445045,127.011806
c76277,37.445045,127.011806
c76277,37.445045,127.011806
c76277,37.445025,127.011821
c76277,37.44503,127.011931
c76277,37.44503,127.011948
c76277,37.44503,127.011948
c76277,37.44503,127.011948
c76277,37.445011,127.01198
c76277,37.445135,127.012205
c76277,37.445116,127.011773
c76277,37.444713,127.011111
c76277,37.444336,127.01029
c76277,37.44411,127.00941
c76277,37.444021,127.008681
c76277,37.44395,127.008121
c76277,37.444363,127.00773
c76277,37.445448,127.007015
c76277,37.44665,127.006216
c76277,37.447883,127.005808
c76277,37.448925,127.006318
c76277,37.449751,127.007086
c76277,37.450108,127.007585
c76277,37.450398,127.008101
c76277,37.450753,127.00902
c76277,37.451021,127.009718
c76277,37.4513,127.010328
c76277,37.451626,127.011308
c76277,37.452023,127.012348
c76277,37.45246,127.013558
c76277,37.45298,127.015021
c76277,37.453543,127.016515
c76277,37.454091,127.017983
c76277,37.454835,127.01962
c76277,37.455228,127.020155
c76277,37.456046,127.020798
c76277,37.456333,127.02096
c76277,37.457551,127.021275
c76277,37.45913,127.02105
c76277,37.460203,127.021291
c76277,37.460256,127.022651
c76277,37.460166,127.023998
c76277,37.460166,127.023998
c76277,37.46003,127.025461
c76277,37.459913,127.026888
c76277,37.459813,127.027603
c76277,37.459828,127.0276
c76277,37.459828,127.0276
c76277,37.459828,127.0276
c76277,37.459828,127.0276
c76277,37.459828,127.0276
c76277,37.459828,127.0276
c76277,37.459828,127.0276
c76277,37.459761,127.029751
c76277,37.459853,127.031306
c76277,37.459798,127.033121
c76277,37.459793,127.034135
c76277,37.460045,127.035351
c76277,37.460605,127.036296
c76277,37.46125,127.036951
c76277,37.461808,127.037618
c76277,37.462526,127.03859
c76277,37.46322,127.03967
c76277,37.464026,127.040876
c76277,37.464381,127.041366
c76277,37.464398,127.041368
c76277,37.464431,127.041376
c76277,37.464468,127.04138
c76277,37.46449,127.041428
c76277,37.464935,127.042125
c76277,37.465078,127.042398
c76277,37.46502,127.042435
c76277,37.465013,127.042445
c76277,37.465013,127.042445
c76277,37.465013,127.042445
c76277,37.465013,127.042445
c76277,37.465193,127.042693
c76277,37.465851,127.043508
c76277,37.466725,127.044701
c76277,37.467795,127.046146
c76277,37.46891,127.047568
c76277,37.46981,127.048826
c76277,37.470666,127.05004
c76277,37.470753,127.050168
c76277,37.470753,127.050168
c76277,37.473055,127.053958
c76277,37.473506,127.054583
c76277,37.474528,127.056221
c76277,37.475151,127.057388
c76277,37.4757,127.058315
c76277,37.475716,127.05828
c76277,37.475725,127.058265
c76277,37.475725,127.058265
c76277,37.475725,127.058265
c76277,37.475678,127.058296
c76277,37.475678,127.058296
c76277,37.475678,127.058296
c76277,37.475678,127.058296
c76277,37.475678,127.058296
c76277,37.475678,127.058296
c76277,37.475678,127.058296
c76277,37.475678,127.058296
c76277,37.475678,127.058296
c76277,37.475675,127.058285
c76277,37.475851,127.058555
c76277,37.476675,127.058265
c76277,37.477728,127.057298
c76277,37.47854,127.056485
c76277,37.478835,127.056185
c76277,37.478816,127.056201
c76277,37.478816,127.056195
c76277,37.478911,127.05609
c76277,37.47947,127.055605
c76277,37.480101,127.055003
c76277,37.480226,127.054813
c76277,37.48021,127.054835
c76277,37.48021,127.054835
c76277,37.48021,127.054835
c76277,37.48021,127.054835
c76277,37.48021,127.054835
c76277,37.48021,127.054835
c76277,37.48021,127.054835
c76277,37.48021,127.054835
c76277,37.480228,127.054745
c76277,37.48023,127.054743
c76277,37.480876,127.05421
c76277,37.481993,127.053446
c76277,37.483085,127.052833
c76277,37.484305,127.052138
c76277,37.48527,127.051636
c76277,37.486268,127.051101
c76277,37.487131,127.05054
c76277,37.487433,127.050745
c76277,37.487845,127.051398
c76277,37.48834,127.051843
c76277,37.48851,127.052081
c76277,37.487636,127.054036
c76277,37.48772,127.054723
c76277,37.48947,127.053365
c76277,37.489888,127.053341
c76277,37.490113,127.053481
c76277,37.490216,127.053796
c76277,37.490213,127.0538
c76277,37.490225,127.053826
c76277,37.490225,127.053826
c76277,37.490253,127.053875
c76277,37.490543,127.054101
c76277,37.49059,127.054418
c76277,37.490593,127.054411
c76277,37.49062,127.05445
c76277,37.490636,127.054451
c76277,37.490636,127.054451
c76277,37.490636,127.054451
c76277,37.490636,127.054451
c76277,37.490636,127.054451
c76277,37.490636,127.054451
c76277,37.490636,127.054451
c76277,37.490636,127.054451
c76277,37.490636,127.054451
c76277,37.490636,127.054451
c76277,37.490603,127.054538
c76277,37.490898,127.055141
c76277,37.491681,127.055038
c76277,37.492326,127.054813
c76277,37.492776,127.054516
c76277,37.493558,127.054218
c76277,37.49444,127.053606
c76277,37.495353,127.053265
c76277,37.496085,127.053005
c76277,37.49689,127.052603
c76277,37.497906,127.052106
c76277,37.498893,127.051645
c76277,37.499643,127.051256
c76277,37.4997,127.051243
c76277,37.4997,127.051255
c76277,37.499711,127.05124
c76277,37.499718,127.051248
c76277,37.49972,127.051253
c76277,37.500263,127.05096
c76277,37.500381,127.050946
c76277,37.500636,127.051566
c76277,37.501158,127.05256
c76277,37.50135,127.053123
c76277,37.501731,127.054266
c76277,37.50214,127.055648
c76277,37.502431,127.05674
c76277,37.502753,127.057945
c76277,37.50295,127.058438
c76277,37.502906,127.058428
c76277,37.502906,127.05843
c76277,37.502906,127.05843
c76277,37.502923,127.05843
c76277,37.503148,127.059065
c76277,37.503565,127.060155
c76277,37.504013,127.061348
c76277,37.504401,127.06259
c76277,37.504726,127.063605
c76277,37.504878,127.063973
c76277,37.504881,127.064026
c76277,37.504815,127.06423
c76277,37.505018,127.064913
c76277,37.505173,127.064855
c76277,37.506323,127.06465
c76277,37.507433,127.063963
c76277,37.508341,127.063448
c76277,37.50951,127.062953
c76277,37.510395,127.061958
c76277,37.510916,127.061675
c76277,37.510936,127.061778
c76277,37.510923,127.061665
c76277,37.51103,127.06136
c76277,37.511003,127.061386
c76277,37.511003,127.061386
c76277,37.511003,127.061386
c76277,37.511003,127.061386
c76277,37.511003,127.061386
c76277,37.511003,127.061386
c76277,37.510936,127.061566
c76277,37.510936,127.061566
c76277,37.510936,127.061566
c76277,37.510936,127.061566
c76277,37.510978,127.061953
c76277,37.510978,127.061953
c76277,37.510978,127.061953
c76277,37.510978,127.061953
c76277,37.510978,127.062278
c76277,37.510978,127.062278
c76277,37.510978,127.062278
c76277,37.510978,127.062278
c76277,37.510978,127.062278
c76277,37.510978,127.062276
c76277,37.510978,127.062276
c76277,37.510978,127.062276
c76277,37.510978,127.062276
c76277,37.510978,127.062276
c76277,37.510978,127.062276
c76277,37.510978,127.062276
c76277,37.510978,127.062276
c76277,37.510978,127.062276
c76277,37.510978,127.062276
c76277,37.510978,127.062276
c76277,37.510978,127.062276
c76277,37.510978,127.062276
c76277,37.510978,127.062276
c76277,37.510978,127.062276
c76277,37.510978,127.062276
c76277,37.510978,127.062276
c76277,37.510978,127.062276
c76277,37.510978,127.062276
c76277,37.510978,127.062276
c76277,37.510978,127.062276
c76277,37.510978,127.062276
c76277,37.510978,127.062276
c76277,37.510978,127.062276
c76277,37.510978,127.062276
c76277,37.510978,127.062276
c76277,37.510978,127.062276
c76277,37.510978,127.062276
c76277,37.510978,127.062276
c76277,37.510978,127.062276
c76277,37.510978,127.062276
c76277,37.510978,127.062276
c76277,37.510978,127.062276
c76277,37.510978,127.062276
c76277,37.510978,127.062276
c76277,37.510978,127.062276
c76277,37.510978,127.062276
c76277,0,0
c76277,37.51071,127.060715
c76277,37.511086,127.061236
c76277,37.511086,127.061236
c76277,37.51312,127.060396
c76277,37.513651,127.059973
c76277,37.51434,127.059476
c76277,37.513781,127.058546
c76277,37.513656,127.057213
c76277,37.513595,127.056808
c76277,37.513595,127.056808
c76277,37.513595,127.056808
c76277,37.513595,127.056808
c76277,37.513498,127.056431
c76277,37.513093,127.056553
c76277,37.512336,127.057001
c76277,37.511915,127.057185
c76277,37.511915,127.057181
c76277,37.511506,127.057418
c76277,37.510796,127.057895
c76277,37.51076,127.05783
c76277,37.510753,127.057836
c76277,37.510753,127.057836
c76277,37.511006,127.057786
c76277,0,0
c76277,37.511998,127.058403
c76277,0,0
c76277,37.511385,127.05724
c76277,37.511385,127.05724
c76277,37.511508,127.057381
c76277,37.511641,127.057233
c76277,37.511636,127.057233
c76277,37.511636,127.057233
c76277,37.511671,127.057213
c76277,37.511701,127.057198
c76277,37.512001,127.057053
c76277,37.51288,127.056675
c76277,37.513025,127.0567
c76277,37.513041,127.056741
c76277,37.513031,127.05671
c76277,37.513031,127.05671
c76277,37.513031,127.05671
c76277,37.513031,127.05671
c76277,37.513031,127.05671
c76277,37.513031,127.05671
c76277,37.513031,127.05671
c76277,37.513031,127.05671
c76277,37.51297,127.056091
c76277,37.512913,127.056045
c76277,37.512913,127.056045
c76277,37.512911,127.05604
c76277,37.512911,127.05604
c76277,37.512911,127.05604
c76277,37.512961,127.056048
c76277,37.513238,127.056753
c76277,37.513271,127.056996
c76277,37.513273,127.056996
c76277,37.513273,127.056995
c76277,37.513273,127.056995
c76277,37.513273,127.056995
c76277,37.513273,127.056995
c76277,37.513273,127.057023
c76277,37.513273,127.057023
c76277,37.513333,127.057016
c76277,37.513408,127.05702
c76277,37.513458,127.057006
c76277,37.513363,127.056965
c76277,37.513061,127.056783
c76277,37.513285,127.056536
c76277,37.513298,127.056446
c76277,37.513301,127.056438
c76277,37.513301,127.056438
c76277,37.513301,127.056438
c76277,37.513336,127.056396
c76277,37.513378,127.056401
c76277,37.513378,127.056401
c76277,37.513378,127.056401
c76277,37.513378,127.056401
c76277,37.513386,127.056401
c76277,37.51353,127.056175
c76277,37.51353,127.056175
c76277,37.513195,127.054065
c76277,37.513226,127.053916
c76277,37.51321,127.053621
c76277,37.513223,127.053555
c76277,37.513223,127.053555
c76277,37.513633,127.053146
c76277,37.514718,127.052408
c76277,37.515043,127.052253
c76277,37.515063,127.052245
c76277,37.515778,127.051915
c76277,37.516855,127.051325
c76277,37.5174,127.05101
c76277,37.517401,127.051016
c76277,37.517398,127.051016
c76277,37.517398,127.051016
c76277,37.517398,127.051016
c76277,37.517436,127.05099
c76277,37.517881,127.050765
c76277,37.518293,127.05055
c76277,37.518311,127.050543
c76277,37.518311,127.050543
c76277,37.518311,127.050543
c76277,37.518311,127.050543
c76277,37.518311,127.050543
c76277,37.518311,127.050543
c76277,37.518311,127.050543
c76277,37.518311,127.050543
c76277,37.518311,127.050543
c76277,37.518311,127.050543
c76277,37.518313,127.050523
c76277,37.518678,127.050548
c76277,37.518781,127.050588
c76277,37.518713,127.049848
c76277,37.518485,127.048881
c76277,37.51843,127.048388
c76277,37.518366,127.048135
c76277,37.518165,127.046783
c76277,37.51791,127.045393
c76277,37.517695,127.043926
c76277,37.51745,127.042738
c76277,37.517375,127.042371
c76277,37.517253,127.042173
c76277,37.517271,127.04217
c76277,37.517138,127.041411
c76277,37.517113,127.04097
c76277,37.517113,127.040973
c76277,37.517113,127.040973
c76277,37.517113,127.040973
c76277,37.51707,127.040818
c76277,37.51656,127.039381
c76277,37.516331,127.038811
c76277,37.516715,127.039698
c76277,37.517046,127.040398
c76277,37.517175,127.040605
c76277,37.517173,127.040608
c76277,37.517425,127.041475
c76277,37.517631,127.042715
c76277,37.517898,127.044298
c76277,37.518135,127.045881
c76277,37.518416,127.047375
c76277,37.518556,127.048256
c76277,37.518691,127.049078
c76277,37.518786,127.049508
c76277,37.51888,127.049876
c76277,37.518578,127.050271
c76277,37.517548,127.050805
c76277,37.516321,127.051411
c76277,37.515958,127.051693
c76277,37.515943,127.051735
c76277,37.515943,127.051735
c76277,37.515946,127.05176
c76277,37.515945,127.051761
c76277,37.515318,127.052056
c76277,37.51464,127.052306
c76277,37.514381,127.05245
c76277,37.514385,127.052445
c76277,37.514103,127.052431
c76277,37.514046,127.052408
c76277,37.514045,127.052408
c76277,37.514045,127.052408
c76277,37.513705,127.052888
c76277,37.513165,127.053598
c76277,37.513058,127.053741
c76277,37.513063,127.053736
c76277,37.513,127.05376
c76277,37.513,127.05376
c76277,37.513,127.05376
c76277,37.513,127.05376
c76277,37.513,127.05376
c76277,37.513,127.05376
c76277,37.513,127.05376
c76277,37.512981,127.053783
c76277,37.512981,127.053783
c76277,37.512955,127.053788
c76277,37.51296,127.054461
c76277,37.513301,127.055696
c76277,37.513468,127.05611
c76277,37.513458,127.056151
c76277,37.513385,127.056286
c76277,37.512948,127.056401
c76277,37.512286,127.05688
c76277,37.512246,127.056928
c76277,37.512246,127.056928
c76277,37.512246,127.056928
c76277,37.512223,127.05699
c76277,37.51211,127.057046
c76277,37.511436,127.057326
c76277,37.510773,127.05788
c76277,37.510551,127.058073
c76277,37.51089,127.057725
c76277,0,0
c76277,37.511078,127.057483
c76277,37.51105,127.057606
c76277,37.511015,127.057546
c76277,37.511015,127.057546
c76277,37.511015,127.057546
c76277,37.510956,127.057531
c76277,37.511096,127.057526
c76277,37.511133,127.05754
c76277,37.51105,127.05754
c76277,37.511031,127.057493
c76277,37.511216,127.057381
c76277,37.511481,127.057165
c76277,37.512053,127.057006
c76277,37.512708,127.056718
c76277,37.51282,127.056648
c76277,37.512868,127.056668
c76277,37.51289,127.056681
c76277,37.512886,127.05668
c76277,37.512795,127.05656
c76277,37.512693,127.056421
c76277,37.512693,127.056421
c76277,37.512693,127.056421
c76277,37.512693,127.056421
c76277,37.512693,127.056421
c76277,37.512693,127.056421
c76277,37.512706,127.056346
c76277,37.512706,127.056346
c76277,37.512618,127.05623
c76277,37.512618,127.05623
c76277,37.512618,127.05623
c76277,37.512618,127.05623
c76277,37.512618,127.05623
c76277,37.512618,127.05623
c76277,37.512618,127.05623
c76277,0,0
c76277,37.513073,127.056855
c76277,37.513036,127.05736
c76277,37.513053,127.057393
c76277,37.513055,127.057401
c76277,37.513056,127.057401
c76277,37.513056,127.057401
c76277,37.51308,127.057373
c76277,37.513145,127.05713
c76277,37.512898,127.056941
c76277,37.51284,127.056945
c76277,37.513191,127.056763
c76277,37.513235,127.056706
c76277,37.513235,127.056706
c76277,37.513235,127.056706
c76277,37.513235,127.056706
c76277,37.513235,127.056706
c76277,37.513235,127.056706
c76277,37.513235,127.056706
c76277,37.513285,127.05643
c76277,37.513303,127.056393
c76277,37.513303,127.056393
c76277,37.513303,127.056393
c76277,37.513303,127.056393
c76277,37.513316,127.056356
c76277,37.51347,127.055818
c76277,37.513316,127.054921
c76277,37.513136,127.053785
c76277,37.512748,127.052068
c76277,37.51218,127.050225
c76277,37.511733,127.048586
c76277,37.511305,127.047203
c76277,37.511125,127.04655
c76277,37.511128,127.046541
c76277,37.511116,127.046511
c76277,37.511048,127.046515
c76277,37.511036,127.04646
c76277,37.51102,127.04645
c76277,37.51096,127.046151
c76277,37.510803,127.045771
c76277,37.510625,127.045341
c76277,37.510453,127.04507
c76277,37.510456,127.045061
c76277,37.510458,127.04506
c76277,37.510458,127.04506
c76277,37.510458,127.04506
c76277,37.510458,127.04506
c76277,37.510458,127.04506
c76277,37.510458,127.04506
c76277,37.510458,127.04506
c76277,37.510446,127.044831
c76277,37.510273,127.043715
c76277,37.509771,127.042023
c76277,37.509408,127.040808
c76277,37.509306,127.040615
c76277,37.50932,127.040645
c76277,37.509293,127.040506
c76277,37.509258,127.040411
c76277,37.509043,127.039768
c76277,37.509006,127.039046
c76277,37.509076,127.038275
c76277,37.509988,127.037391
c76277,37.510551,127.036665
c76277,37.510548,127.036653
c76277,37.51056,127.03664
c76277,37.510576,127.036595
c76277,37.510576,127.036595
c76277,37.51102,127.036325
c76277,37.512126,127.035656
c76277,37.51334,127.035333
c76277,37.513896,127.035505
c76277,37.514003,127.03563
c76277,37.513996,127.035601
c76277,37.513988,127.035551
c76277,37.513976,127.035455
c76277,37.513961,127.035435
c76277,37.513961,127.035435
c76277,37.513963,127.035435
c76277,37.513963,127.035435
c76277,37.514166,127.035318
c76277,37.514653,127.035375
c76277,37.515255,127.035488
c76277,37.515318,127.035503
c76277,37.515356,127.035521
c76277,37.515663,127.03636
c76277,37.516101,127.037581
c76277,37.516266,127.038053
c76277,37.516353,127.038208
c76277,37.516733,127.0394
c76277,37.517033,127.040336
c76277,37.517301,127.041145
c76277,37.516995,127.041306
c76277,37.51604,127.041335
c76277,37.514853,127.04205
c76277,37.513583,127.042583
c76277,37.512561,127.042988
c76277,37.511873,127.043243
c76277,37.51127,127.043528
c76277,37.51124,127.043536
c76277,37.511276,127.043571
c76277,37.511276,127.043571
c76277,37.511276,127.043571
c76277,37.511276,127.043571
c76277,37.511263,127.043636
c76277,37.511236,127.043661
c76277,37.510776,127.043726
c76277,37.510628,127.043798
c76277,37.510628,127.0438
c76277,37.510628,127.0438
c76277,37.510628,127.0438
c76277,37.510628,127.0438
c76277,37.510628,127.0438
c76277,37.510628,127.0438
c76277,37.51061,127.043815
c76277,37.510611,127.043815
c76277,37.510611,127.043815
c76277,37.510611,127.043815
c76277,37.510611,127.043815
c76277,37.510611,127.043815
c76277,37.510526,127.043823
c76277,37.509431,127.044096
c76277,37.508475,127.044808
c76277,37.507618,127.046045
c76277,37.506785,127.0474
c76277,37.506151,127.048245
c76277,37.505473,127.048626
c76277,37.50475,127.049056
c76277,37.504715,127.049051
c76277,37.504705,127.049065
c76277,37.504705,127.049065
c76277,37.504705,127.049065
c76277,37.504705,127.049065
c76277,37.504705,127.049065
c76277,37.50469,127.04907
c76277,37.50469,127.04907
c76277,37.50469,127.04907
c76277,37.50469,127.04907
c76277,37.504171,127.049255
c76277,37.503218,127.04959
c76277,37.502301,127.049961
c76277,37.50131,127.050461
c76277,37.50073,127.050755
c76277,37.499776,127.051306
c76277,37.49913,127.05157
c76277,37.498351,127.05188
c76277,37.49744,127.052298
c76277,37.496911,127.052676
c76277,37.49691,127.052676
c76277,37.49691,127.052676
c76277,37.49691,127.052676
c76277,37.49691,127.052676
c76277,37.49691,127.052676
c76277,37.496693,127.052738
c76277,37.49534,127.053398
c76277,37.494183,127.0539
c76277,37.493386,127.054266
c76277,37.493395,127.054215
c76277,37.493398,127.05421
c76277,37.493398,127.05421
c76277,37.493365,127.054246
c76277,37.49309,127.054396
c76277,37.492788,127.054501
c76277,37.492006,127.05485
c76277,37.490726,127.055385
c76277,37.489463,127.0559
c76277,37.488723,127.056158
c76277,37.48817,127.05627
c76277,37.486813,127.056698
c76277,37.48645,127.056873
c76277,37.486336,127.056936
c76277,37.485765,127.057361
c76277,37.485641,127.057393
c76277,37.485651,127.057383
c76277,37.48565,127.057385
c76277,37.48565,127.057385
c76277,37.48565,127.057385
c76277,37.48565,127.057385
c76277,37.4854,127.057545
c76277,37.48477,127.05803
c76277,37.484343,127.058508
c76277,37.483883,127.05903
c76277,37.483345,127.059718
c76277,37.48255,127.060701
c76277,37.482016,127.061385
c76277,37.482018,127.061388
c76277,37.482058,127.061366
c76277,37.482058,127.061366
c76277,37.482065,127.061385
c76277,37.482058,127.06139
c76277,37.481366,127.062238
c76277,37.480338,127.063445
c76277,37.47951,127.064401
c76277,37.478888,127.06399
c76277,37.477865,127.062283
c76277,37.476948,127.060656
c76277,37.476613,127.060015
c76277,37.476113,127.05912
c76277,37.475461,127.05914
c76277,37.475141,127.059461
c76277,37.474901,127.059688
c76277,37.474446,127.06009
c76277,37.47391,127.060666
c76277,37.473766,127.060828
c76277,37.473766,127.060828
c76277,37.473766,127.060828
c76277,37.473766,127.060828
c76277,37.473766,127.060828
c76277,37.473766,127.060828
c76277,37.473766,127.060828
c76277,37.473766,127.060828
c76277,37.465728,127.069156
c76277,37.46561,127.069335
c76277,37.464253,127.070523
c76277,37.462735,127.071868
c76277,37.461233,127.073231
c76277,37.459716,127.074523
c76277,37.457968,127.07553
c76277,37.456238,127.076498
c76277,37.45433,127.077526
c76277,37.453053,127.077956
c76277,37.4522,127.078066
c76277,37.450261,127.077898
c76277,37.44848,127.077271
c76277,37.446748,127.076611
c76277,37.446341,127.076458
c76277,37.446341,127.076458
c76277,37.446341,127.076458
c76277,37.446341,127.076458
c76277,37.446341,127.076458
c76277,37.436473,127.0774
c76277,37.434818,127.078515
c76277,37.433183,127.079995
c76277,37.431783,127.081796
c76277,37.430603,127.083873
c76277,37.429695,127.085956
c76277,37.428783,127.088065
c76277,37.427851,127.090278
c76277,37.426925,127.092405
c76277,37.426045,127.094413
c76277,37.42525,127.096211
c76277,37.424555,127.097636
c76277,37.423871,127.099008
c76277,37.423213,127.100241
c76277,37.422438,127.101306
c76277,37.42202,127.101771
c76277,37.421928,127.101821
c76277,37.421636,127.101885
c76277,37.420383,127.102065
c76277,37.419513,127.10227
c76277,37.418883,127.102285
c76277,37.41705,127.101805
c76277,37.415238,127.101106
c76277,37.41343,127.100218
c76277,37.41178,127.099525
c76277,37.41074,127.09934
c76277,37.410046,127.099388
c76277,37.408281,127.09999
c76277,37.406573,127.100836
c76277,37.406423,127.10099
c76277,37.405453,127.102773
c76277,37.405096,127.103353
c76277,37.404163,127.104365
c76277,37.403988,127.104518
c76277,37.403988,127.104518
c76277,37.403988,127.104518
c76277,37.403988,127.104518
c76277,37.403988,127.104518
c76277,37.403988,127.104518
c76277,37.391723,127.102311
c76277,37.390743,127.101443
c76277,37.390311,127.10156
c76277,37.388688,127.101821
c76277,37.386843,127.102243
c76277,37.385245,127.102478
c76277,37.384558,127.102551
c76277,37.383455,127.102476
c76277,37.381488,127.102276
c76277,37.379686,127.102315
c76277,37.378281,127.102061
c76277,37.376586,127.10176
c76277,37.375108,127.101728
c76277,37.373676,127.101758
c76277,37.372213,127.101735
c76277,37.370675,127.101646
c76277,37.36888,127.101593
c76277,37.366956,127.101565
c76277,37.36549,127.101555
c76277,37.364983,127.101528
c76277,37.365001,127.10151
c76277,37.364681,127.101505
c76277,37.363575,127.101491
c76277,37.362328,127.10155
c76277,37.360626,127.101721
c76277,37.358878,127.101733
c76277,37.357051,127.101668
c76277,37.355241,127.10166
c76277,37.353716,127.101643
c76277,37.35199,127.101658
c76277,37.350321,127.101653
c76277,37.3483,127.101673
c76277,37.346611,127.101676
c76277,37.344793,127.101663
c76277,37.344198,127.101745
c76277,37.343381,127.10203
c76277,37.342141,127.102548
c76277,37.341431,127.102731
c76277,37.340553,127.102776
c76277,37.338786,127.102773
c76277,37.336911,127.102751
c76277,37.335356,127.102768
c76277,37.333888,127.102786
c76277,37.33376,127.10279
c76277,37.333781,127.102791
c76277,37.333781,127.102791
c76277,37.333781,127.102791
c76277,37.333781,127.102791
c76277,37.333805,127.102801
c76277,37.33295,127.10278
c76277,37.331623,127.102783
c76277,37.330101,127.102791
c76277,37.328555,127.102823
c76277,37.327153,127.102838
c76277,37.325466,127.102921
c76277,37.324186,127.102975
c76277,37.32366,127.10286
c76277,37.322581,127.102466
c76277,37.321855,127.102408
c76277,37.320221,127.102421
c76277,37.318711,127.102406
c76277,37.317056,127.102411
c76277,37.315301,127.102413
c76277,37.313383,127.102398
c76277,37.312086,127.102386
c76277,37.312061,127.102398
c76277,37.312076,127.102401
c76277,37.312076,127.102401
c76277,37.31208,127.1024
c76277,37.311113,127.10239
c76277,37.309706,127.102381
c76277,37.30845,127.102378
c76277,37.307151,127.102371
c76277,37.305653,127.102393
c76277,37.304076,127.102418
c76277,37.30232,127.102365
c76277,37.300791,127.102111
c76277,37.299266,127.101505
c76277,37.29784,127.10078
c76277,37.296236,127.099966
c76277,37.294666,127.0992
c76277,37.292928,127.098451
c76277,37.292065,127.098303
c76277,37.291225,127.098296
c76277,37.28942,127.098478
c76277,37.287745,127.098691
c76277,37.286486,127.098843
c76277,37.285075,127.09896
c76277,37.284068,127.098916
c76277,37.283696,127.098805
c76277,37.283283,127.098445
c76277,37.282953,127.097608
c76277,37.282568,127.09611
c76277,37.281971,127.094115
c76277,37.281873,127.093888
c76277,37.281243,127.092841
c76277,37.280668,127.092206
c76277,37.279511,127.091431
c76277,37.278908,127.091175
c76277,37.278231,127.090943
c76277,37.277251,127.090625
c76277,37.276223,127.090498
c76277,37.275595,127.090518
c76277,37.27559,127.089628
c76277,37.275456,127.088831
c76277,37.274765,127.088583
c76277,37.274228,127.088458
c76277,37.274243,127.087263
c76277,37.274248,127.085721
c76277,37.274426,127.084655
c76277,37.275033,127.082691
c76277,37.275666,127.080948
c76277,37.27594,127.07935
c76277,37.276186,127.077746
c76277,37.276266,127.076123
c76277,37.276315,127.074958
c76277,37.276341,127.074585
c76277,37.276348,127.074551
c76277,37.276531,127.074475
c76277,37.276258,127.074265
c76277,37.276263,127.07422
c76277,37.276266,127.074131
c76277,37.276266,127.074131
c76277,37.27624,127.074095
c76277,37.27624,127.074095
c76277,37.27624,127.074095
c76277,37.27624,127.074095
c76277,37.27624,127.074095
c76277,37.27624,127.074095
c76277,37.27624,127.074095
c76277,37.27624,127.074095
c76277,37.275856,127.073951
c76277,37.275323,127.074026
c76277,37.274788,127.073993
c76277,37.274646,127.074036
c76277,37.274676,127.07459
c76277,37.274656,127.074843
c76277,37.274605,127.075026
c76277,37.274591,127.075056
c76277,37.274591,127.075056
c76277,37.274591,127.075056
c76277,37.274591,127.075056
c76277,37.274591,127.075056
c76277,37.274591,127.075056
c76277,37.274591,127.075056
c76277,0,0
c76277,0,0
c76277,0,0
c76277,0,0
c76277,0,0
c76277,0,0
c76277,0,0
c76277,0,0
c76277,0,0
c76277,0,0
c76277,0,0
c76277,0,0
c76277,0,0
c76277,0,0
c76277,0,0
c76277,0,0
c76277,0,0
c76277,0,0
c76277,0,0
c76277,0,0
c76277,0,0
c76277,0,0
c76277,0,0
c76277,37.275281,127.071806
c76277,37.275308,127.071315
c76277,37.275448,127.071178
c76277,37.275985,127.07121
c76277,37.276141,127.071546
c76277,37.276041,127.072196
c76277,37.276105,127.072546
c76277,37.27612,127.072566
c76277,37.27609,127.072563
c76277,37.27609,127.072563
c76277,37.276138,127.072573
c76277,37.276138,127.072573
c76277,37.276138,127.072573
c76277,37.276138,127.072573
c76277,37.276138,127.072573
c76277,37.276138,127.072573
c76277,37.276138,127.072573
c76277,37.276138,127.072573
c76277,37.276138,127.072573
c76277,37.276138,127.072573
c76277,37.276138,127.072573
c76277,37.276138,127.072573
c76277,37.276118,127.072526
c76277,37.276118,127.072526
c76277,37.276111,127.072518
c76277,37.276111,127.072518
c76277,37.276111,127.07252
c76277,37.276111,127.07252
c76277,37.276111,127.07252
c76277,37.276111,127.07252
c76277,37.276111,127.07252
c76277,37.276111,127.07252
c76277,37.276111,127.07252
c76277,37.276111,127.07252
c76277,37.276111,127.07252
c76277,37.276111,127.07252
c76277,37.276111,127.07252
c76277,37.276131,127.07253
c76277,37.276131,127.07253
c76277,37.276131,127.07253
c76277,37.276131,127.07253
c76277,37.276131,127.07253
c76277,37.276131,127.07253
c76277,37.276131,127.07253
c76277,37.276118,127.072518
c76277,37.276121,127.072521
c76277,37.276126,127.07252
c76277,37.276136,127.072755
c76277,37.276106,127.073538
c76277,37.276111,127.073706
c76277,37.276108,127.07392
c76277,37.276083,127.075031
c76277,37.276098,127.076376
c76277,37.276018,127.077805
c76277,37.27581,127.079113
c76277,37.275551,127.080625
c76277,37.275235,127.081786
c76277,37.275163,127.081845
c76277,37.275173,127.081838
c76277,37.275173,127.081838
c76277,37.275173,127.081838
c76277,37.275173,127.081838
c76277,37.275173,127.081838
c76277,37.275173,127.081838
c76277,37.275173,127.081838
c76277,37.275278,127.081841
c76277,37.27527,127.081833
c76277,37.275203,127.082041
c76277,37.274703,127.083243
c76277,37.274231,127.08471
c76277,37.274128,127.085991
c76277,37.274158,127.087446
c76277,37.274191,127.088555
c76277,37.27488,127.088673
c76277,37.275473,127.088903
c76277,37.275571,127.089806
c76277,37.275571,127.09044
c76277,37.27555,127.090461
c76277,37.276043,127.090663
c76277,37.27707,127.090743
c76277,37.277975,127.09107
c76277,37.278123,127.091103
c76277,37.278413,127.091201
c76277,37.279828,127.091745
c76277,37.28046,127.092151
c76277,37.281341,127.093091
c76277,37.281818,127.093875
c76277,37.282166,127.094721
c76277,37.282275,127.09514
c76277,37.282603,127.096751
c76277,37.282608,127.09691
c76277,37.28224,127.098486
c76277,37.28246,127.099166
c76277,37.282933,127.099438
c76277,37.283068,127.099453
c76277,37.284523,127.09929
c76277,37.286131,127.099075
c76277,37.2877,127.09886
c76277,37.289385,127.098651
c76277,37.291185,127.098435
c76277,37.292885,127.098551
c76277,37.293046,127.098593
c76277,37.294565,127.099258
c76277,37.296095,127.100033
c76277,37.297975,127.100971
c76277,37.299588,127.101761
c76277,37.300775,127.102216
c76277,37.3018,127.102411
c76277,37.30195,127.102428
c76277,37.301933,127.102423
c76277,37.301933,127.102423
c76277,37.301933,127.102423
c76277,37.301901,127.102405
c76277,37.302148,127.102076
c76277,37.302166,127.101045
c76277,37.302178,127.099915
c76277,37.302163,127.099088
c76277,37.302051,127.098498
c76277,37.301786,127.097845
c76277,37.302041,127.097655
c76277,37.302628,127.097645
c76277,37.30274,127.09763
c76277,37.302931,127.097638
c76277,37.30322,127.09762
c76277,37.303775,127.097813
c76277,37.304196,127.097716
c76277,37.304555,127.09729
c76277,37.30478,127.097021
c76277,37.304033,127.096701
c76277,37.304033,127.096701
c76277,37.304033,127.096701
c76277,37.304016,127.096676
c76277,37.30395,127.096768
c76277,37.303978,127.09743
c76277,37.304026,127.097901
c76277,37.304416,127.098066
c76277,37.304955,127.098048
c76277,37.305468,127.098058
c76277,37.30605,127.097985
c76277,37.306493,127.098583
c76277,37.306756,127.099161
c76277,37.307413,127.09915
c76277,37.308138,127.099026
c76277,37.308465,127.09922
c76277,37.308486,127.100235
c76277,37.308498,127.10142
c76277,37.308508,127.102126
c76277,37.308531,127.102113
c76277,37.308531,127.102113
c76277,37.308531,127.102113
c76277,37.308531,127.102113
c76277,37.308531,127.102113
c76277,37.308531,127.102113
c76277,37.308531,127.102113
c76277,37.308531,127.102113
c76277,37.308531,127.102113
c76277,37.308611,127.102406
c76277,37.309608,127.102453
c76277,37.310836,127.102486
c76277,37.311508,127.102515
c76277,37.312113,127.102518
c76277,37.313308,127.102515
c76277,37.314753,127.102518
c76277,37.316093,127.10251
c76277,37.317498,127.1025
c76277,37.31899,127.102491
c76277,37.32048,127.102543
c76277,37.322253,127.102493
c76277,37.32262,127.102541
c76277,37.32398,127.102993
c76277,37.32535,127.103008
c76277,37.32553,127.102968
c76277,37.325528,127.10296
c76277,37.325673,127.102895
c76277,37.326755,127.102853
c76277,37.328311,127.102876
c76277,37.330048,127.102883
c76277,37.331363,127.102888
c76277,37.33274,127.1029
c76277,37.334246,127.10287
c76277,37.335335,127.102821
c76277,37.335736,127.102838
c76277,37.335723,127.102841
c76277,37.335725,127.102843
c76277,37.336286,127.102806
c76277,37.337605,127.102821
c76277,37.339428,127.10281
c76277,37.341485,127.102798
c76277,37.342066,127.102661
c76277,37.343316,127.102161
c76277,37.34471,127.101726
c76277,37.345093,127.101706
c76277,37.347236,127.101718
c76277,37.34958,127.10173
c76277,37.351885,127.101755
c76277,37.353321,127.101791
c76277,37.35332,127.101758
c76277,37.353301,127.101758
c76277,37.353301,127.101758
c76277,37.353301,127.101758
c76277,37.353301,127.101758
c76277,37.353301,127.101758
c76277,37.35331,127.101768
c76277,37.35367,127.101763
c76277,37.355303,127.101743
c76277,37.35714,127.101776
c76277,37.358735,127.101795
c76277,37.36035,127.101816
c76277,37.361948,127.101818
c76277,37.363425,127.101765
c76277,37.364881,127.101723
c76277,37.366278,127.101706
c76277,37.36748,127.101743
c76277,37.367843,127.10208
c76277,37.36796,127.102146
c76277,0,0
c76277,37.366946,127.100798
c76277,37.366946,127.100798
c76277,37.366946,127.100798
c76277,37.366946,127.100798
c76277,37.366946,127.100798
c76277,37.366971,127.10088
c76277,37.366971,127.10088
c76277,0,0
c76277,37.360586,127.105216
c76277,37.360586,127.105216
c76277,37.360581,127.105188
c76277,37.362936,127.10439
c76277,37.365533,127.10256
c76277,37.368138,127.102196
c76277,37.370343,127.102001
c76277,37.372208,127.101911
c76277,37.373946,127.10195
c76277,37.375545,127.101956
c76277,37.377113,127.102003
c76277,37.378045,127.102051
c76277,37.378001,127.10205
c76277,37.378006,127.102048
c76277,37.378006,127.102048
c76277,37.378006,127.102048
c76277,37.378038,127.102075
c76277,37.379198,127.102306
c76277,37.381031,127.102328
c76277,37.383071,127.102511
c76277,37.384835,127.10258
c76277,37.386475,127.10231
c76277,37.38795,127.10186
c76277,37.389406,127.101515
c76277,37.390005,127.10153
c76277,37.390751,127.101551
c76277,37.391551,127.102633
c76277,37.391961,127.103068
c76277,37.391961,127.103068
c76277,37.391961,127.103068
c76277,37.391961,127.103068
c76277,37.391961,127.103068
c76277,37.405051,127.103443
c76277,37.40613,127.10155
c76277,37.407755,127.100163
c76277,37.407961,127.100123
c76277,37.409523,127.099676
c76277,37.411076,127.099515
c76277,37.41123,127.099545
c76277,37.41272,127.100046
c76277,37.4144,127.100878
c76277,37.415903,127.101583
c76277,37.416163,127.101695
c76277,37.416116,127.101676
c76277,37.416116,127.101676
c76277,37.416308,127.101741
c76277,37.417886,127.10229
c76277,37.418643,127.102476
c76277,37.419435,127.102521
c76277,37.419826,127.10247
c76277,37.421416,127.102178
c76277,37.422033,127.102161
c76277,37.423153,127.102228
c76277,37.424425,127.102363
c76277,37.425823,127.102493
c76277,37.427348,127.102233
c76277,37.42885,127.102001
c76277,37.429025,127.102008
c76277,37.430038,127.1022
c76277,37.430668,127.10244
c76277,37.43235,127.103158
c76277,37.434191,127.103561
c76277,37.436005,127.103815
c76277,37.437648,127.103946
c76277,37.438271,127.103896
c76277,37.438273,127.103896
c76277,37.438273,127.103896
c76277,37.438253,127.103885
c76277,37.438301,127.103866
c76277,37.43965,127.103618
c76277,37.441695,127.103546
c76277,37.443866,127.103638
c76277,37.445336,127.103875
c76277,37.445928,127.103986
c76277,37.445933,127.10397
c76277,37.445935,127.103971
c76277,37.445923,127.103966
c76277,37.445923,127.103966
c76277,37.446153,127.10403
c76277,37.447708,127.104751
c76277,37.449695,127.105603
c76277,37.451683,127.106331
c76277,37.453926,127.106761
c76277,37.456121,127.107163
c76277,37.458325,127.107495
c76277,37.460471,127.107753
c76277,37.4624,127.108025
c76277,37.46397,127.108261
c76277,37.464423,127.108323
c76277,37.464401,127.108325
c76277,37.464401,127.108325
c76277,37.464401,127.108325
c76277,37.464401,127.108325
c76277,37.464401,127.108325
c76277,37.464401,127.108325
c76277,37.464418,127.108311
c76277,37.465725,127.108421
c76277,37.467391,127.108441
c76277,37.468913,127.108075
c76277,37.470061,127.107735
c76277,37.470691,127.107586
c76277,37.470726,127.107571
c76277,37.47074,127.107576
c76277,37.470743,127.107571
c76277,37.470825,127.107538
c76277,37.47103,127.10747
c76277,37.472125,127.107155
c76277,37.473468,127.106801
c76277,37.47499,127.106415
c76277,37.476396,127.106086
c76277,37.478096,127.105666
c76277,37.479863,127.105285
c76277,37.481495,127.104956
c76277,37.482786,127.104703
c76277,37.483908,127.104345
c76277,37.484993,127.103911
c76277,37.485958,127.103261
c76277,37.486621,127.10269
c76277,37.486695,127.102593
c76277,37.486691,127.10259
c76277,37.486691,127.10259
c76277,37.486691,127.10259
c76277,37.486691,127.10259
c76277,37.486778,127.102671
c76277,37.487083,127.102318
c76277,37.487338,127.101883
c76277,37.487855,127.10125
c76277,37.488695,127.100145
c76277,37.489856,127.098958
c76277,37.491421,127.097983
c76277,37.49292,127.097093
c76277,37.493816,127.096448
c76277,37.494283,127.095881
c76277,37.49501,127.094111
c76277,37.495563,127.092395
c76277,37.496155,127.090708
c76277,37.496743,127.089
c76277,37.497276,127.087386
c76277,37.49793,127.085511
c76277,37.498595,127.08344
c76277,37.49921,127.081473
c76277,37.499468,127.080428
c76277,37.499481,127.080411
c76277,37.499478,127.080426
c76277,37.49947,127.080448
c76277,37.49947,127.080448
c76277,37.49947,127.080448
c76277,37.499513,127.079915
c76277,37.499163,127.078565
c76277,37.499203,127.078391
c76277,37.499236,127.078393
c76277,37.499236,127.078393
c76277,37.499236,127.078393
c76277,37.499236,127.078393
c76277,37.499236,127.078393
c76277,37.499236,127.078393
c76277,37.499236,127.078393
c76277,37.499236,127.078393
c76277,37.499236,127.078393
c76277,37.499236,127.078393
c76277,37.499236,127.078393
c76277,37.499236,127.078393
c76277,37.499236,127.078393
c76277,37.499236,127.078393
c76277,37.499236,127.078393
c76277,37.49934,127.078356
c76277,37.49934,127.078356
c76277,37.49934,127.078356
c76277,37.499358,127.078353
c76277,37.49935,127.078286
c76277,37.499396,127.078128
c76277,37.499391,127.077976
c76277,37.499303,127.077958
c76277,37.499306,127.077955
c76277,37.499306,127.077955
c76277,37.499306,127.077955
c76277,37.499306,127.077955
c76277,37.499306,127.077955
c76277,37.499306,127.077955
c76277,37.499306,127.077955
c76277,37.499306,127.077955
c76277,37.499306,127.077955
c76277,37.499306,127.077955
c76277,37.499306,127.077955
c76277,37.499306,127.077955
c76277,37.499335,127.077935
c76277,37.499335,127.077935
c76277,37.499335,127.077935
c76277,37.499335,127.077935
c76277,37.499335,127.077935
c76277,37.499335,127.077935
c76277,37.499335,127.077935
c76277,37.499335,127.077935
c76277,37.499335,127.077935
c76277,37.499335,127.077935
c76277,37.499335,127.077935
c76277,37.499335,127.077935
c76277,37.499335,127.077935
c76277,37.499335,127.077935
c76277,37.499335,127.077935
c76277,37.499335,127.077935
c76277,37.499335,127.077935
c76277,37.499335,127.077935
c76277,37.499335,127.077935
c76277,37.499318,127.077938
c76277,37.499318,127.077938
c76277,37.499268,127.077976
c76277,37.49915,127.078015
c76277,37.499096,127.078018
c76277,37.499083,127.07802
c76277,37.498861,127.077341
c76277,37.498525,127.076288
c76277,37.498065,127.074785
c76277,37.497536,127.073038
c76277,37.497035,127.07134
c76277,37.496725,127.070196
c76277,37.496761,127.070066
c76277,37.496871,127.069935
c76277,37.49774,127.069393
c76277,37.498875,127.06874
c76277,37.500036,127.068118
c76277,37.50065,127.067776
c76277,37.500703,127.067803
c76277,37.500721,127.067801
c76277,37.500721,127.067801
c76277,37.500731,127.067795
c76277,37.500731,127.067795
c76277,37.500731,127.067795
c76277,37.500731,127.067795
c76277,37.500943,127.067671
c76277,37.50214,127.066981
c76277,37.50368,127.066128
c76277,37.505216,127.065216
c76277,37.506551,127.064476
c76277,37.507783,127.063798
c76277,37.50827,127.063453
c76277,37.508313,127.063463
c76277,37.508313,127.063463
c76277,37.508313,127.063463
c76277,37.508313,127.063463
c76277,37.508313,127.063463
c76277,37.508313,127.063463
c76277,37.508313,127.063463
c76277,37.508448,127.063433
c76277,37.508831,127.062821
c76277,37.508558,127.061681
c76277,37.508433,127.060761
c76277,37.50816,127.059938
c76277,37.50815,127.059906
c76277,37.508176,127.059988
c76277,37.508413,127.059445
c76277,37.509375,127.058795
c76277,37.510463,127.058103
c76277,37.511575,127.057501
c76277,37.51266,127.056956
c76277,37.513173,127.056665
c76277,37.513173,127.056663
c76277,37.51325,127.056538
c76277,37.513491,127.055728
c76277,37.513278,127.054638
c76277,37.513226,127.053853
c76277,37.513256,127.053373
c76277,37.513876,127.052945
c76277,37.51531,127.052138
c76277,37.516523,127.051555
c76277,37.516935,127.05134
c76277,37.516893,127.051335
c76277,37.516893,127.051335
c76277,37.516923,127.051301
c76277,37.516923,127.051301
c76277,37.517636,127.05082
c76277,37.518228,127.050518
c76277,37.51844,127.050471
c76277,37.518438,127.05047
c76277,37.518438,127.05047
c76277,37.518438,127.05047
c76277,37.518438,127.05047
c76277,37.518438,127.05047
c76277,37.518628,127.050293
c76277,37.518763,127.049355
c76277,37.518673,127.048791
c76277,37.518303,127.046845
c76277,37.51797,127.044998
c76277,37.517646,127.043396
c76277,37.517366,127.04201
c76277,37.517365,127.041556
c76277,37.517361,127.041548
c76277,37.517361,127.041548
c76277,37.517361,127.041548
c76277,37.517361,127.041548
c76277,37.517361,127.041548
c76277,37.517361,127.041548
c76277,37.517361,127.041548
c76277,37.517361,127.041548
c76277,37.517346,127.04162
c76277,37.516743,127.041318
c76277,37.516491,127.041408
c76277,37.516258,127.041095
c76277,37.51617,127.040983
c76277,37.51615,127.040978
c76277,37.516021,127.040916
c76277,37.516221,127.040363
c76277,37.51631,127.040026
c76277,37.51645,127.039981
c76277,37.516973,127.040238
c76277,37.516985,127.040243
c76277,37.517128,127.040393
c76277,37.517235,127.041243
c76277,37.516471,127.041421
c76277,37.51548,127.041903
c76277,37.51534,127.041993
c76277,37.51533,127.041995
c76277,37.515216,127.042053
c76277,37.514201,127.042398
c76277,37.512876,127.042901
c76277,37.511485,127.04343
c76277,37.51035,127.043888
c76277,37.509536,127.044165
c76277,37.508775,127.044538
c76277,37.508075,127.045328
c76277,37.507433,127.046395
c76277,37.506725,127.047556
c76277,37.506066,127.048205
c76277,37.505963,127.048233
c76277,37.505911,127.048235
c76277,37.505453,127.048376
c76277,37.505056,127.048511
c76277,37.505051,127.048516
c76277,37.505051,127.048518
c76277,37.505051,127.048518
c76277,37.505015,127.048525
c76277,37.504853,127.048726
c76277,37.50448,127.048281
c76277,37.504308,127.047966
c76277,37.503913,127.046868
c76277,37.503596,127.045806
c76277,37.503553,127.045711
c76277,37.503555,127.045713
c76277,37.503555,127.045713
c76277,37.503485,127.045468
c76277,37.503393,127.04536
c76277,37.503291,127.044838
c76277,37.503311,127.044773
c76277,37.503295,127.04462
c76277,37.503221,127.04382
c76277,37.502638,127.042691
c76277,37.502353,127.04155
c76277,37.502283,127.041203
c76277,37.502096,127.040595
c76277,37.502111,127.040328
c76277,37.50171,127.039453
c76277,37.501171,127.037966
c76277,37.500676,127.036661
c76277,37.50063,127.036581
c76277,37.500625,127.03658
c76277,37.500613,127.036521
c76277,37.50038,127.035988
c76277,37.500378,127.03599
c76277,37.50041,127.035821
c76277,37.500191,127.034738
c76277,37.499958,127.033906
c76277,37.49993,127.033448
c76277,37.49954,127.032171
c76277,37.498881,127.030553
c76277,37.498361,127.028935
c76277,37.4984,127.027736
c76277,37.498658,127.02751
c76277,37.499378,127.026881
c76277,37.500206,127.02649
c76277,37.500541,127.026226
c76277,37.500756,127.026311
c76277,37.500816,127.026366
c76277,37.500791,127.02634
c76277,37.500791,127.02634
c76277,37.500791,127.02634
c76277,37.500791,127.02634
c76277,37.500791,127.02634
c76277,37.500791,127.02634
c76277,37.500881,127.026295
c76277,37.50106,127.026158
c76277,37.501513,127.025738
c76277,37.502405,127.025401
c76277,37.503623,127.025341
c76277,37.50389,127.024743
c76277,37.503898,127.02474
c76277,37.503898,127.02474
c76277,37.5039,127.02474
c76277,37.5039,127.02474
c76277,37.5039,127.02474
c76277,37.503928,127.024695
c76277,37.504008,127.02463
c76277,37.504095,127.024646
c76277,37.504095,127.024646
c76277,37.504095,127.024646
c76277,37.504516,127.025271
c76277,37.505,127.026095
c76277,37.505361,127.027138
c76277,37.50556,127.027896
c76277,37.505555,127.027918
c76277,37.50555,127.027913
c76277,37.505573,127.027958
c76277,37.505941,127.029241
c76277,37.506331,127.03068
c76277,37.50651,127.031285
c76277,37.506518,127.031293
c76277,37.50652,127.031288
c76277,37.50652,127.031288
c76277,37.506685,127.031755
c76277,37.507005,127.032895
c76277,37.50719,127.033575
c76277,37.507196,127.033633
c76277,37.5072,127.033636
c76277,37.507291,127.03394
c76277,37.507628,127.034865
c76277,37.508011,127.036095
c76277,37.508416,127.0375
c76277,37.50866,127.038431
c76277,37.508386,127.038801
c76277,37.507493,127.039661
c76277,37.506415,127.040646
c76277,37.505778,127.041153
c76277,37.505168,127.04148
c76277,37.504158,127.041951
c76277,37.503595,127.042216
c76277,37.503591,127.042211
c76277,37.503591,127.04221
c76277,37.503561,127.042186
c76277,37.50356,127.042186
c76277,37.503281,127.042303
c76277,37.502793,127.042581
c76277,37.502455,127.042111
c76277,37.5022,127.04118
c76277,37.502033,127.040606
c76277,37.501966,127.040533
c76277,37.50197,127.040535
c76277,37.501971,127.04051
c76277,37.501901,127.040086
c76277,37.501971,127.03987
c76277,37.50195,127.039801
c76277,37.50195,127.039801
c76277,37.50195,127.039801
c76277,37.50195,127.039801
c76277,37.502031,127.039766
c76277,37.502043,127.039771
c76277,37.502306,127.040058
c76277,37.502343,127.04009
c76277,37.502341,127.04009
c76277,37.50235,127.040115
c76277,37.50239,127.04015
c76277,37.502615,127.040755
c76277,37.502356,127.040901
c76277,37.50214,127.041061
c76277,37.50214,127.041063
c76277,37.50214,127.041063
c76277,37.502015,127.040656
c76277,37.50171,127.03974
c76277,37.501326,127.038605
c76277,37.501138,127.037958
c76277,37.50114,127.03795
c76277,37.50114,127.03795
c76277,37.50114,127.03795
